Genre,Rating
Fiction,4.664102564102564
Non Fiction,4.620360824742268
